<?xml version="1.0" encoding="UTF-8" standalone="yes"?>
<resourceDescriptor
	
	critical="false" date="2013-07-01-06:00"
	description="No Magic's Ontology Derived Properties Plugin 1, Provider Name: Lonnie VanZandt."
	group="Ontology Capabilities"
	homePage="www.nomagic.com"
	id="77909" mdVersionMax="higher" mdVersionMin="17.0.2"
	name="Ontology Derived Properties"
	product="comnomagiccameoontologyderivedproperties" 
	restartMagicdraw="false"
	type="Plugin">
	
    <version human="1" internal="1" resource="10"/>
    <provider email="lvanzandt@nomagic.com" homePage="www.nomagic.com" name="Lonnie VanZandt"/>
    <edition>Enterprise</edition>
    <installation>
        <file from="plugins/com.nomagic.cameo.ontology.derivedproperties/derivedproperties.jar" to="plugins/com.nomagic.cameo.ontology.derivedproperties/derivedproperties.jar"/>
        <file from="plugins/com.nomagic.cameo.ontology.derivedproperties/lib/guava-14.0.jar" to="plugins/com.nomagic.cameo.ontology.derivedproperties/lib/guava-14.0.jar"/>
        <file from="plugins/com.nomagic.cameo.ontology.derivedproperties/plugin.xml" to="plugins/com.nomagic.cameo.ontology.derivedproperties/plugin.xml"/>
    </installation>
</resourceDescriptor>

